{
  "_status": "complete",
  "anchor_interaction": {
    "ci_delta_select_full": [
      -12.495612068965515,
      124.81490948275862
    ],
    "ci_delta_select_shown": [
      -11.017474856321835,
      124.80168462643677
    ],
    "ci_delta_select_unshown": [
      -12.629618147656938,
      124.86890086206891
    ],
    "note": "Same cross-strategy L2-vs-L1 interaction statistic ch6 reports for the shown-vs-unshown decomposition. Excluding-zero CI in the same direction for shown and unshown indicates the interaction is uniform across the train_select pool, not concentrated on the prompt-shown subset."
  },
  "bootstrap_n_resamples": 5000,
  "chapter": "chapter7",
  "design_doc_section": "\u00a76.8 / \u00a718.5 analysis F",
  "generated_at": "2026-05-10T13:40:25.022731+00:00",
  "n_records_decomposed": 834,
  "n_records_skipped_missing_cache": 0,
  "n_unique_proposal_hashes": 642,
  "per_cell": {
    "CH7-01": {
      "delta_select_full": {
        "ci_95": [
          -149.30501388888888,
          -7.132763888888889
        ],
        "mean": -67.71222222222222,
        "median": 0.0
      },
      "delta_select_shown": {
        "ci_95": [
          -153.97041666666667,
          -13.032916666666672
        ],
        "mean": -73.46666666666667,
        "median": -6.5,
        "n": 60
      },
      "delta_select_unshown": {
        "ci_95": [
          -149.0433620689655,
          -6.965833333333338
        ],
        "mean": -67.51379310344828,
        "median": 0.0,
        "n": 60
      },
      "n_records": 60
    },
    "CH7-02": {
      "delta_select_full": {
        "ci_95": [
          -104.67886111111112,
          -3.2230277777777983
        ],
        "mean": -40.245555555555555,
        "median": 0.0
      },
      "delta_select_shown": {
        "ci_95": [
          -111.05125,
          -8.625
        ],
        "mean": -45.85,
        "median": -5.75,
        "n": 60
      },
      "delta_select_unshown": {
        "ci_95": [
          -104.29495535714287,
          -2.8046875000000093
        ],
        "mean": -39.84523809523809,
        "median": 0.0,
        "n": 60
      },
      "n_records": 60
    },
    "CH7-03": {
      "delta_select_full": {
        "ci_95": [
          -139.53358333333333,
          -16.423513888888902
        ],
        "mean": -67.78,
        "median": -0.44999999999999996
      },
      "delta_select_shown": {
        "ci_95": [
          -138.77072916666668,
          -16.40343750000001
        ],
        "mean": -67.56666666666666,
        "median": 0.0,
        "n": 60
      },
      "delta_select_unshown": {
        "ci_95": [
          -139.73847756410257,
          -16.417275641025675
        ],
        "mean": -67.81282051282051,
        "median": -1.0,
        "n": 60
      },
      "n_records": 60
    },
    "CH7-04": {
      "delta_select_full": {
        "ci_95": [
          -89.76516666666664,
          -9.730736111111115
        ],
        "mean": -38.42222222222222,
        "median": -2.25
      },
      "delta_select_shown": {
        "ci_95": [
          -89.66125,
          -8.955468750000012
        ],
        "mean": -37.79375,
        "median": -1.375,
        "n": 60
      },
      "delta_select_unshown": {
        "ci_95": [
          -89.99089015151515,
          -9.989071969696974
        ],
        "mean": -38.65075757575758,
        "median": -1.3636363636363638,
        "n": 60
      },
      "n_records": 60
    },
    "CH7-05": {
      "delta_select_full": {
        "ci_95": [
          -119.95955555555553,
          -8.286638888888906
        ],
        "mean": -51.78833333333334,
        "median": -0.13333333333333333
      },
      "delta_select_shown": {
        "ci_95": [
          -107.695,
          4.683333333333334
        ],
        "mean": -38.53333333333333,
        "median": 0.0,
        "n": 60
      },
      "delta_select_unshown": {
        "ci_95": [
          -120.43649425287354,
          -8.7737643678161
        ],
        "mean": -52.24540229885057,
        "median": -0.1896551724137931,
        "n": 60
      },
      "n_records": 60
    },
    "CH7-06": {
      "delta_select_full": {
        "ci_95": [
          -36.62005555555555,
          -7.352166666666666
        ],
        "mean": -20.69222222222222,
        "median": -2.3666666666666667
      },
      "delta_select_shown": {
        "ci_95": [
          -37.475625,
          -7.549375000000009
        ],
        "mean": -21.1,
        "median": 0.0,
        "n": 60
      },
      "delta_select_unshown": {
        "ci_95": [
          -36.57217261904761,
          -7.343125000000006
        ],
        "mean": -20.66309523809524,
        "median": -2.7857142857142856,
        "n": 60
      },
      "n_records": 60
    },
    "CH7-07": {
      "delta_select_full": {
        "ci_95": [
          -50.63805555555555,
          -11.514291666666669
        ],
        "mean": -29.588333333333328,
        "median": -0.36666666666666664
      },
      "delta_select_shown": {
        "ci_95": [
          -48.83375,
          -9.511354166666683
        ],
        "mean": -27.633333333333333,
        "median": 0.0,
        "n": 60
      },
      "delta_select_unshown": {
        "ci_95": [
          -50.9657532051282,
          -11.799038461538466
        ],
        "mean": -29.889102564102565,
        "median": -1.3076923076923077,
        "n": 60
      },
      "n_records": 60
    },
    "CH7-08": {
      "delta_select_full": {
        "ci_95": [
          -13.377124999999998,
          -1.742750000000001
        ],
        "mean": -6.796111111111112,
        "median": 0.0
      },
      "delta_select_shown": {
        "ci_95": [
          -11.68546875,
          -0.058229166666668185
        ],
        "mean": -5.179166666666666,
        "median": 0.0,
        "n": 60
      },
      "delta_select_unshown": {
        "ci_95": [
          -13.995662878787881,
          -2.349867424242426
        ],
        "mean": -7.384090909090911,
        "median": 0.0,
        "n": 60
      },
      "n_records": 60
    },
    "CH7-09": {
      "delta_select_full": {
        "ci_95": [
          -25.030536723163838,
          -2.2760451977401157
        ],
        "mean": -11.31864406779661,
        "median": 0.0
      },
      "delta_select_shown": {
        "ci_95": [
          -32.491949152542375,
          -10.0
        ],
        "mean": -19.338983050847457,
        "median": -7.0,
        "n": 59
      },
      "delta_select_unshown": {
        "ci_95": [
          -24.776402688486268,
          -1.9847311513734753
        ],
        "mean": -11.042080654587961,
        "median": 0.0,
        "n": 59
      },
      "n_records": 59
    },
    "CH7-10": {
      "delta_select_full": {
        "ci_95": [
          -103.1891242937853,
          -5.936864406779668
        ],
        "mean": -40.87118644067796,
        "median": 0.0
      },
      "delta_select_shown": {
        "ci_95": [
          -109.06186440677966,
          -11.337923728813575
        ],
        "mean": -46.36440677966102,
        "median": -6.0,
        "n": 59
      },
      "delta_select_unshown": {
        "ci_95": [
          -102.79544491525425,
          -5.56357445520582
        ],
        "mean": -40.478813559322035,
        "median": 0.0,
        "n": 59
      },
      "n_records": 59
    },
    "CH7-11": {
      "delta_select_full": {
        "ci_95": [
          -21.396278735632183,
          -8.082083333333337
        ],
        "mean": -14.325287356321839,
        "median": -4.699999999999999
      },
      "delta_select_shown": {
        "ci_95": [
          -21.366810344827588,
          -8.107758620689655
        ],
        "mean": -14.310344827586206,
        "median": -5.5,
        "n": 58
      },
      "delta_select_unshown": {
        "ci_95": [
          -21.380935013262597,
          -8.076591511936345
        ],
        "mean": -14.327586206896552,
        "median": -5.096153846153847,
        "n": 58
      },