{
  "design_doc": "thesis/writing/chapter4_robustness_analyses_design.md (E7)",
  "thresholds_specified": [
    -10,
    -20,
    -50,
    -100,
    -200
  ],
  "data_source": "raw per-proposal records under thesis/results/chapter{5,6,7}_primary_batch_gemini/; chapter-6 paired records under thesis/results/chapter6_primary_batch_gemini/_plots/{strategy}/_paired_records.json",
  "bootstrap": {
    "n_resamples": 10000,
    "seed": 20260522,
    "method": "percentile, resampling matched pairs independently per strategy"
  },
  "catastrophe_rates_per_cell": {
    "chapter_5_primary": {
      "random_discriminative": {
        "n_proposals": 60,
        "rates_per_threshold": {
          "-10": 0.23333333333333334,
          "-20": 0.18333333333333332,
          "-50": 0.11666666666666667,
          "-100": 0.08333333333333333,
          "-200": 0.05
        },
        "counts_per_threshold": {
          "-10": 14,
          "-20": 11,
          "-50": 7,
          "-100": 5,
          "-200": 3
        }
      },
      "stratified_representative": {
        "n_proposals": 60,
        "rates_per_threshold": {
          "-10": 0.21666666666666667,
          "-20": 0.13333333333333333,
          "-50": 0.13333333333333333,
          "-100": 0.11666666666666667,
          "-200": 0.11666666666666667
        },
        "counts_per_threshold": {
          "-10": 13,
          "-20": 8,
          "-50": 8,
          "-100": 7,
          "-200": 7
        }
      },
      "uniform_random": {
        "n_proposals": 60,
        "rates_per_threshold": {
          "-10": 0.2,
          "-20": 0.06666666666666667,
          "-50": 0.06666666666666667,
          "-100": 0.03333333333333333,
          "-200": 0.03333333333333333
        },
        "counts_per_threshold": {
          "-10": 12,
          "-20": 4,
          "-50": 4,
          "-100": 2,
          "-200": 2
        }
      },
      "worst_only": {
        "n_proposals": 60,
        "rates_per_threshold": {
          "-10": 0.2833333333333333,
          "-20": 0.18333333333333332,
          "-50": 0.15,
          "-100": 0.13333333333333333,
          "-200": 0.11666666666666667
        },
        "counts_per_threshold": {
          "-10": 17,
          "-20": 11,
          "-50": 9,
          "-100": 8,
          "-200": 7
        }
      },
      "worst_plus_best": {
        "n_proposals": 60,
        "rates_per_threshold": {
          "-10": 0.18333333333333332,
          "-20": 0.06666666666666667,
          "-50": 0.03333333333333333,
          "-100": 0.03333333333333333,
          "-200": 0.016666666666666666
        },
        "counts_per_threshold": {
          "-10": 11,
          "-20": 4,
          "-50": 2,
          "-100": 2,
          "-200": 1
        }
      }
    },
    "chapter_6_2x2": {
      "stratified_representative@L1": {
        "n_proposals": 60,
        "rates_per_threshold": {
          "-10": 0.31666666666666665,
          "-20": 0.23333333333333334,
          "-50": 0.18333333333333332,
          "-100": 0.16666666666666666,
          "-200": 0.1
        },
        "counts_per_threshold": {
          "-10": 19,
          "-20": 14,
          "-50": 11,
          "-100": 10,
          "-200": 6
        }
      },
      "stratified_representative@L2": {
        "n_proposals": 60,
        "rates_per_threshold": {
          "-10": 0.36666666666666664,
          "-20": 0.21666666666666667,
          "-50": 0.08333333333333333,
          "-100": 0.06666666666666667,
          "-200": 0.03333333333333333
        },
        "counts_per_threshold": {
          "-10": 22,
          "-20": 13,
          "-50": 5,
          "-100": 4,
          "-200": 2
        }
      },
      "worst_plus_best@L1": {
        "n_proposals": 60,
        "rates_per_threshold": {
          "-10": 0.25,
          "-20": 0.13333333333333333,
          "-50": 0.1,
          "-100": 0.05,
          "-200": 0.05
        },
        "counts_per_threshold": {
          "-10": 15,
          "-20": 8,
          "-50": 6,
          "-100": 3,
          "-200": 3
        }
      },
      "worst_plus_best@L2": {
        "n_proposals": 60,
        "rates_per_threshold": {
          "-10": 0.3,
          "-20": 0.25,
          "-50": 0.2,
          "-100": 0.11666666666666667,
          "-200": 0.1
        },
        "counts_per_threshold": {
          "-10": 18,
          "-20": 15,
          "-50": 12,
          "-100": 7,
          "-200": 6
        }
      }
    },
    "chapter_7_per_cell": {
      "CH7-01_stratified_representative_L1_k1": {
        "n_proposals": 60,
        "rates_per_threshold": {
          "-10": 0.13333333333333333,
          "-20": 0.13333333333333333,
          "-50": 0.1,
          "-100": 0.06666666666666667,
          "-200": 0.06666666666666667
        },
        "counts_per_threshold": {
          "-10": 8,
          "-20": 8,
          "-50": 6,
          "-100": 4,
          "-200": 4
        }
      },
      "CH7-02_stratified_representative_L1_k2": {
        "n_proposals": 60,
        "rates_per_threshold": {
          "-10": 0.16666666666666666,
          "-20": 0.1,
          "-50": 0.08333333333333333,
          "-100": 0.05,
          "-200": 0.05
        },
        "counts_per_threshold": {
          "-10": 10,
          "-20": 6,
          "-50": 5,
          "-100": 3,
          "-200": 3
        }
      },
      "CH7-03_stratified_representative_L1_k4": {
        "n_proposals": 60,
        "rates_per_threshold": {
          "-10": 0.16666666666666666,
          "-20": 0.13333333333333333,
          "-50": 0.11666666666666667,
          "-100": 0.1,
          "-200": 0.1
        },
        "counts_per_threshold": {
          "-10": 10,
          "-20": 8,
          "-50": 7,
          "-100": 6,
          "-200": 6
        }
      },
      "CH7-04_stratified_representative_L1_k8": {
        "n_proposals": 60,
        "rates_per_threshold": {
          "-10": 0.3,
          "-20": 0.18333333333333332,
          "-50": 0.11666666666666667,
          "-100": 0.06666666666666667,
          "-200": 0.03333333333333333
        },
        "counts_per_threshold": {
          "-10": 18,
          "-20": 11,
          "-50": 7,
          "-100": 4,
          "-200": 2
        }
      },
      "CH7-05_worst_only_at_k1_L1_k1": {
        "n_proposals": 60,
        "rates_per_threshold": {
          "-10": 0.25,
          "-20": 0.2,
          "-50": 0.08333333333333333,
          "-100": 0.06666666666666667,
          "-200": 0.05
        },
        "counts_per_threshold": {
          "-10": 15,
          "-20": 12,
          "-50": 5,
          "-100": 4,
          "-200": 3
        }
      },
      "CH7-06_worst_plus_best_L1_k2": {
        "n_proposals": 60,
        "rates_per_threshold": {
          "-10": 0.21666666666666667,
          "-20": 0.1,
          "-50": 0.08333333333333333,
          "-100": 0.08333333333333333,
          "-200": 0.06666666666666667
        },
        "counts_per_threshold": {
          "-10": 13,
          "-20": 6,
          "-50": 5,
          "-100": 5,
          "-200": 4
        }
      },
      "CH7-07_worst_plus_best_L1_k4": {
        "n_proposals": 60,
        "rates_per_threshold": {
          "-10": 0.26666666666666666,
          "-20": 0.16666666666666666,
          "-50": 0.13333333333333333,
          "-100": 0.11666666666666667,
          "-200": 0.03333333333333333
        },
        "counts_per_threshold": {
          "-10": 16,
          "-20": 10,
          "-50": 8,
          "-100": 7,
          "-200": 2
        }
      },
      "CH7-08_worst_plus_best_L1_k8": {
        "n_proposals": 60,
        "rates_per_threshold": {
          "-10": 0.18333333333333332,
          "-20": 0.06666666666666667,
          "-50": 0.03333333333333333,
          "-100": 0.016666666666666666,
          "-200": 0.0
        },
        "counts_per_threshold": {
          "-10": 11,
          "-20": 4,
          "-50": 2,
          "-100": 1,