{
  "baseline_mean_bins_dev": 2046.6,
  "chapter": "chapter7",
  "design_doc_section": "\u00a76.3 / Stage 2 dev scoring",
  "dev_split_size": 30,
  "generated_at": "2026-05-10T13:00:33.284978+00:00",
  "incumbent_hash": "8ca83676ae76",
  "per_cell": {
    "CH7-01": {
      "delta_dev": 10.633333333333212,
      "delta_gate": 10.133333333333212,
      "delta_step": 7.600000000000136,
      "dev_baseline_mean_bins": 2046.6,
      "dev_mean_bins": 2035.9666666666667,
      "n_dev_instances": 30,
      "proposal_hash": "e7f884b58cea",
      "seed_index": 1,
      "set_index": 3,
      "status": "ok"
    },
    "CH7-02": {
      "delta_dev": 6.7666666666666515,
      "delta_gate": 8.099999999999909,
      "delta_step": 5.7000000000000455,
      "dev_baseline_mean_bins": 2046.6,
      "dev_mean_bins": 2039.8333333333333,
      "n_dev_instances": 30,
      "proposal_hash": "20d9e0b74bd9",
      "seed_index": 0,
      "set_index": 5,
      "status": "ok"
    },
    "CH7-03": {
      "delta_dev": 7.399999999999864,
      "delta_gate": 8.299999999999955,
      "delta_step": 6.53333333333353,
      "dev_baseline_mean_bins": 2046.6,
      "dev_mean_bins": 2039.2,
      "n_dev_instances": 30,
      "proposal_hash": "cc898e675022",
      "seed_index": 1,
      "set_index": 3,
      "status": "ok"
    },
    "CH7-04": {
      "delta_dev": 9.86666666666656,
      "delta_gate": 9.133333333333212,
      "delta_step": 9.0,
      "dev_baseline_mean_bins": 2046.6,
      "dev_mean_bins": 2036.7333333333333,
      "n_dev_instances": 30,
      "proposal_hash": "ac4d095fe293",
      "seed_index": 2,
      "set_index": 15,
      "status": "ok"
    },
    "CH7-05": {
      "delta_dev": 13.099999999999909,
      "delta_gate": 12.899999999999864,
      "delta_step": 11.766666666666879,
      "dev_baseline_mean_bins": 2046.6,
      "dev_mean_bins": 2033.5,
      "n_dev_instances": 30,
      "proposal_hash": "6a81cc4c375c",
      "seed_index": 31,
      "set_index": 0,
      "status": "ok"
    },
    "CH7-06": {
      "delta_dev": 7.366666666666561,
      "delta_gate": 7.533333333333303,
      "delta_step": 7.5,
      "dev_baseline_mean_bins": 2046.6,
      "dev_mean_bins": 2039.2333333333333,
      "n_dev_instances": 30,
      "proposal_hash": "3814c914cc5f",
      "seed_index": 27,
      "set_index": 0,
      "status": "ok"
    },
    "CH7-07": {
      "delta_dev": 7.366666666666561,
      "delta_gate": 7.533333333333303,
      "delta_step": 7.5,
      "dev_baseline_mean_bins": 2046.6,
      "dev_mean_bins": 2039.2333333333333,
      "n_dev_instances": 30,
      "proposal_hash": "3b1c011ebe26",
      "seed_index": 49,
      "set_index": 0,
      "status": "ok"
    },
    "CH7-08": {
      "delta_dev": 7.366666666666561,
      "delta_gate": 7.533333333333303,
      "delta_step": 7.5,
      "dev_baseline_mean_bins": 2046.6,
      "dev_mean_bins": 2039.2333333333333,
      "n_dev_instances": 30,
      "proposal_hash": "b9c3491af0eb",
      "seed_index": 2,
      "set_index": 0,
      "status": "ok"
    },
    "CH7-09": {
      "delta_dev": 9.299999999999955,
      "delta_gate": 7.933333333333394,
      "delta_step": 7.5,
      "dev_baseline_mean_bins": 2046.6,
      "dev_mean_bins": 2037.3,
      "n_dev_instances": 30,
      "proposal_hash": "a8919ba6a625",
      "seed_index": 0,
      "set_index": 8,
      "status": "ok"
    },
    "CH7-10": {
      "delta_dev": 9.299999999999955,
      "delta_gate": 7.933333333333394,
      "delta_step": 7.5,
      "dev_baseline_mean_bins": 2046.6,
      "dev_mean_bins": 2037.3,
      "n_dev_instances": 30,
      "proposal_hash": "45b68f5dd8cc",
      "seed_index": 2,
      "set_index": 17,
      "status": "ok"
    },
    "CH7-11": {
      "delta_dev": 9.166666666666515,
      "delta_gate": 7.566666666666606,
      "delta_step": 6.566666666666833,
      "dev_baseline_mean_bins": 2046.6,
      "dev_mean_bins": 2037.4333333333334,
      "n_dev_instances": 30,
      "proposal_hash": "40c5edd58a2c",
      "seed_index": 1,
      "set_index": 6,
      "status": "ok"
    },
    "CH7-12": {
      "delta_dev": 9.899999999999864,
      "delta_gate": 8.799999999999955,
      "delta_step": 8.63333333333344,
      "dev_baseline_mean_bins": 2046.6,
      "dev_mean_bins": 2036.7,
      "n_dev_instances": 30,
      "proposal_hash": "93c91832c160",
      "seed_index": 54,
      "set_index": 0,
      "status": "ok"
    },
    "CH7-13": {
      "delta_dev": 10.633333333333212,
      "delta_gate": 10.133333333333212,
      "delta_step": 7.600000000000136,
      "dev_baseline_mean_bins": 2046.6,
      "dev_mean_bins": 2035.9666666666667,
      "n_dev_instances": 30,
      "proposal_hash": "370b884718dc",
      "seed_index": 36,
      "set_index": 0,
      "status": "ok"
    },
    "CH7-14": {
      "delta_dev": 5.199999999999818,
      "delta_gate": 5.633333333333212,
      "delta_step": 5.53333333333353,
      "dev_baseline_mean_bins": 2046.6,
      "dev_mean_bins": 2041.4,
      "n_dev_instances": 30,
      "proposal_hash": "e09db0e0da7d",
      "seed_index": 10,
      "set_index": 0,
      "status": "ok"
    }
  },
  "schema_version": 1
}